{"cameraMode":{"drawMode":0,"name":"Shaded","section":"Shading Mode"},"sceneLighting":true,"audioPlay":false,"sceneViewState":{"m_AlwaysRefresh":false,"showFog":true,"showSkybox":true,"showFlares":true,"showImageEffects":true,"showParticleSystems":true,"showVisualEffectGraphs":true,"m_FxEnabled":true},"in2DMode":false,"pivot":{"x":3.9067203998565676,"y":-0.06267774850130081,"z":2.322183609008789},"rotation":{"x":-0.39738547801971438,"y":0.06652799993753433,"z":-0.028900176286697389,"w":-0.9147820472717285},"size":4.507394790649414,"orthographic":false}